{
  "countryId": 1,
  "countryName": "India",
  "states": [
    {
      "stateId": 1,
      "stateName": "Andhra Pradesh",
      "districts": [
        { "districtId": 101, "districtName": "Alluri Sitharama Raju" },
        { "districtId": 102, "districtName": "Anakapalli" },
        { "districtId": 103, "districtName": "Anantapur" },
        { "districtId": 104, "districtName": "Annamayya" },
        { "districtId": 105, "districtName": "Bapatla" },
        { "districtId": 106, "districtName": "Chittoor" },
        { "districtId": 107, "districtName": "Dr. B.R. Ambedkar Konaseema" },
        { "districtId": 108, "districtName": "East Godavari" },
        { "districtId": 109, "districtName": "Eluru" },
        { "districtId": 110, "districtName": "Guntur" },
        { "districtId": 111, "districtName": "Kakinada" },
        { "districtId": 112, "districtName": "Krishna" },
        { "districtId": 113, "districtName": "Kurnool" },
        { "districtId": 114, "districtName": "Nandyal" },
        { "districtId": 115, "districtName": "Nellore" },
        { "districtId": 116, "districtName": "NTR District" },
        { "districtId": 117, "districtName": "Palnadu" },
        { "districtId": 118, "districtName": "Parvathipuram Manyam" },
        { "districtId": 119, "districtName": "Prakasam" },
        { "districtId": 120, "districtName": "Sri Balaji" },
        { "districtId": 121, "districtName": "Sri Sathya Sai" },
        { "districtId": 122, "districtName": "Srikakulam" },
        { "districtId": 123, "districtName": "Visakhapatnam" },
        { "districtId": 124, "districtName": "Vizianagaram" },
        { "districtId": 125, "districtName": "West Godavari" },
        { "districtId": 126, "districtName": "YSR" }
      ]
    },
    {
      "stateId": 2,
      "stateName": "Arunachal Pradesh",
      "districts": [
        { "districtId": 201, "districtName": "Anjaw" },
        { "districtId": 202, "districtName": "Changlang" },
        { "districtId": 203, "districtName": "Dibang Valley" },
        { "districtId": 204, "districtName": "East Kameng" },
        { "districtId": 205, "districtName": "East Siang" },
        { "districtId": 206, "districtName": "Kamle" },
        { "districtId": 207, "districtName": "Kra Daadi" },
        { "districtId": 208, "districtName": "Kurung Kumey" },
        { "districtId": 209, "districtName": "Lepa Rada" },
        { "districtId": 210, "districtName": "Lohit" },
        { "districtId": 211, "districtName": "Longding" },
        { "districtId": 212, "districtName": "Lower Dibang Valley" },
        { "districtId": 213, "districtName": "Lower Siang" },
        { "districtId": 214, "districtName": "Lower Subansiri" },
        { "districtId": 215, "districtName": "Namsai" },
        { "districtId": 216, "districtName": "Pakke-Kessang" },
        { "districtId": 217, "districtName": "Papum Pare" },
        { "districtId": 218, "districtName": "Shi Yomi" },
        { "districtId": 219, "districtName": "Siang" },
        { "districtId": 220, "districtName": "Tawang" },
        { "districtId": 221, "districtName": "Tirap" },
        { "districtId": 222, "districtName": "Upper Dibang Valley" },
        { "districtId": 223, "districtName": "Upper Siang" },
        { "districtId": 224, "districtName": "Upper Subansiri" },
        { "districtId": 225, "districtName": "West Kameng" },
        { "districtId": 226, "districtName": "West Siang" },
        { "districtId": 227, "districtName": "Itanagar Capital Complex" }
      ]
    },
    {
      "stateId": 3,
      "stateName": "Assam",
      "districts": [
        { "districtId": 301, "districtName": "Bajali" },
        { "districtId": 302, "districtName": "Baksa" },
        { "districtId": 303, "districtName": "Barpeta" },
        { "districtId": 304, "districtName": "Biswanath" },
        { "districtId": 305, "districtName": "Bongaigaon" },
        { "districtId": 306, "districtName": "Cachar" },
        { "districtId": 307, "districtName": "Charaideo" },
        { "districtId": 308, "districtName": "Chirang" },
        { "districtId": 309, "districtName": "Darrang" },
        { "districtId": 310, "districtName": "Dhemaji" },
        { "districtId": 311, "districtName": "Dhubri" },
        { "districtId": 312, "districtName": "Dibrugarh" },
        { "districtId": 313, "districtName": "Dima Hasao" },
        { "districtId": 314, "districtName": "Goalpara" },
        { "districtId": 315, "districtName": "Golaghat" },
        { "districtId": 316, "districtName": "Hailakandi" },
        { "districtId": 317, "districtName": "Hojai" },
        { "districtId": 318, "districtName": "Jorhat" },
        { "districtId": 319, "districtName": "Kamrup Metropolitan" },
        { "districtId": 320, "districtName": "Kamrup" },
        { "districtId": 321, "districtName": "Karbi Anglong" },
        { "districtId": 322, "districtName": "Karimganj" },
        { "districtId": 323, "districtName": "Kokrajhar" },
        { "districtId": 324, "districtName": "Lakhimpur" },
        { "districtId": 325, "districtName": "Majuli" },
        { "districtId": 326, "districtName": "Morigaon" },
        { "districtId": 327, "districtName": "Nagaon" },
        { "districtId": 328, "districtName": "Nalbari" },
        { "districtId": 329, "districtName": "Sivasagar" },
        { "districtId": 330, "districtName": "Sonitpur" },
        { "districtId": 331, "districtName": "South Salmara-Mankachar" },
        { "districtId": 332, "districtName": "Tamulpur" },
        { "districtId": 333, "districtName": "Tinsukia" },
        { "districtId": 334, "districtName": "Udalguri" },
        { "districtId": 335, "districtName": "West Karbi Anglong" }
      ]
    },
    {
      "stateId": 4,
      "stateName": "Bihar",
      "districts": [
        { "districtId": 401, "districtName": "Araria" },
        { "districtId": 402, "districtName": "Arwal" },
        { "districtId": 403, "districtName": "Aurangabad" },
        { "districtId": 404, "districtName": "Banka" },
        { "districtId": 405, "districtName": "Begusarai" },
        { "districtId": 406, "districtName": "Bhagalpur" },
        { "districtId": 407, "districtName": "Bhojpur" },
        { "districtId": 408, "districtName": "Buxar" },
        { "districtId": 409, "districtName": "Darbhanga" },
        { "districtId": 410, "districtName": "East Champaran (Motihari)" },
        { "districtId": 411, "districtName": "Gaya" },
        { "districtId": 412, "districtName": "Gopalganj" },
        { "districtId": 413, "districtName": "Jamui" },
        { "districtId": 414, "districtName": "Jehanabad" },
        { "districtId": 415, "districtName": "Kaimur (Bhabua)" },
        { "districtId": 416, "districtName": "Katihar" },
        { "districtId": 417, "districtName": "Khagaria" },
        { "districtId": 418, "districtName": "Kishanganj" },
        { "districtId": 419, "districtName": "Lakhisarai" },
        { "districtId": 420, "districtName": "Madhepura" },
        { "districtId": 421, "districtName": "Madhubani" },
        { "districtId": 422, "districtName": "Munger (Monghyr)" },
        { "districtId": 423, "districtName": "Muzaffarpur" },
        { "districtId": 424, "districtName": "Nalanda" },
        { "districtId": 425, "districtName": "Nawada" },
        { "districtId": 426, "districtName": "Patna" },
        { "districtId": 427, "districtName": "Purnia (Purnea)" },
        { "districtId": 428, "districtName": "Rohtas" },
        { "districtId": 429, "districtName": "Saharsa" },
        { "districtId": 430, "districtName": "Samastipur" },
        { "districtId": 431, "districtName": "Saran" },
        { "districtId": 432, "districtName": "Sheikhpura" },
        { "districtId": 433, "districtName": "Sheohar" },
        { "districtId": 434, "districtName": "Sitamarhi" },
        { "districtId": 435, "districtName": "Siwan" },
        { "districtId": 436, "districtName": "Supaul" },
        { "districtId": 437, "districtName": "Vaishali" },
        { "districtId": 438, "districtName": "West Champaran" }
      ]
    },
    {
      "stateId": 5,
      "stateName": "Chhattisgarh",
      "districts": [
        { "districtId": 501, "districtName": "Balod" },
        { "districtId": 502, "districtName": "Baloda Bazar" },
        { "districtId": 503, "districtName": "Balrampur-Ramanujganj" },
        { "districtId": 504, "districtName": "Bastar" },
        { "districtId": 505, "districtName": "Bemetara" },
        { "districtId": 506, "districtName": "Bijapur" },
        { "districtId": 507, "districtName": "Bilaspur" },
        { "districtId": 508, "districtName": "Dantewada (South Bastar)" },
        { "districtId": 509, "districtName": "Dhamtari" },
        { "districtId": 510, "districtName": "Durg" },
        { "districtId": 511, "districtName": "Gariaband" },
        { "districtId": 512, "districtName": "Gaurela-Pendra-Marwahi" },
        { "districtId": 513, "districtName": "Janjgir-Champa" },
        { "districtId": 514, "districtName": "Jashpur" },
        { "districtId": 515, "districtName": "Kabirdham (Kawardha)" },
        { "districtId": 516, "districtName": "Kanker (North Bastar)" },
        { "districtId": 517, "districtName": "Khairagarh-Chhuikhadan-Gandai" },
        { "districtId": 518, "districtName": "Kondagaon" },
        { "districtId": 519, "districtName": "Korba" },
        { "districtId": 520, "districtName": "Korea (Koriya)" },
        { "districtId": 521, "districtName": "Mahasamund" },
        { "districtId": 522, "districtName": "Manendragarh-Chirmiri-Bharatpur" },
        { "districtId": 523, "districtName": "Mohla-Manpur-Chowki" },
        { "districtId": 524, "districtName": "Mungeli" },
        { "districtId": 525, "districtName": "Narayanpur" },
        { "districtId": 526, "districtName": "Raigarh" },
        { "districtId": 527, "districtName": "Raipur" },
        { "districtId": 528, "districtName": "Rajnandgaon" },
        { "districtId": 529, "districtName": "Sarangarh-Bilaigarh" },
        { "districtId": 530, "districtName": "Shakti" },
        { "districtId": 531, "districtName": "Sukma" },
        { "districtId": 532, "districtName": "Surajpur" },
        { "districtId": 533, "districtName": "Surguja" }
      ]
    },
    {
      "stateId": 6,
      "stateName": "Goa",
      "districts": [
        { "districtId": 601, "districtName": "North Goa" },
        { "districtId": 602, "districtName": "South Goa" }
      ]
    },
    {
      "stateId": 7,
      "stateName": "Gujarat",
      "districts": [
        { "districtId": 701, "districtName": "Ahmedabad" },
        { "districtId": 702, "districtName": "Amreli" },
        { "districtId": 703, "districtName": "Anand" },
        { "districtId": 704, "districtName": "Aravalli" },
        { "districtId": 705, "districtName": "Banaskantha" },
        { "districtId": 706, "districtName": "Bharuch" },
        { "districtId": 707, "districtName": "Bhavnagar" },
        { "districtId": 708, "districtName": "Botad" },
        { "districtId": 709, "districtName": "Chhota Udaipur" },
        { "districtId": 710, "districtName": "Dahod" },
        { "districtId": 711, "districtName": "Dang" },
        { "districtId": 712, "districtName": "Devbhoomi Dwarka" },
        { "districtId": 713, "districtName": "Gandhinagar" },
        { "districtId": 714, "districtName": "Gir Somnath" },
        { "districtId": 715, "districtName": "Jamnagar" },
        { "districtId": 716, "districtName": "Junagadh" },
        { "districtId": 717, "districtName": "Kachchh" },
        { "districtId": 718, "districtName": "Kheda" },
        { "districtId": 719, "districtName": "Mahisagar" },
        { "districtId": 720, "districtName": "Mehsana" },
        { "districtId": 721, "districtName": "Morbi" },
        { "districtId": 722, "districtName": "Narmada" },
        { "districtId": 723, "districtName": "Navsari" },
        { "districtId": 724, "districtName": "Panchmahal" },
        { "districtId": 725, "districtName": "Patan" },
        { "districtId": 726, "districtName": "Porbandar" },
        { "districtId": 727, "districtName": "Rajkot" },
        { "districtId": 728, "districtName": "Sabarkantha" },
        { "districtId": 729, "districtName": "Surat" },
        { "districtId": 730, "districtName": "Surendranagar" },
        { "districtId": 731, "districtName": "Tapi" },
        { "districtId": 732, "districtName": "Vadodara" },
        { "districtId": 733, "districtName": "Valsad" }
      ]
    },
    {
      "stateId": 8,
      "stateName": "Haryana",
      "districts": [
        { "districtId": 801, "districtName": "Ambala" },
        { "districtId": 802, "districtName": "Bhiwani" },
        { "districtId": 803, "districtName": "Charkhi Dadri" },
        { "districtId": 804, "districtName": "Faridabad" },
        { "districtId": 805, "districtName": "Fatehabad" },
        { "districtId": 806, "districtName": "Gurugram" },
        { "districtId": 807, "districtName": "Hisar" },
        { "districtId": 808, "districtName": "Jhajjar" },
        { "districtId": 809, "districtName": "Jind" },
        { "districtId": 810, "districtName": "Kaithal" },
        { "districtId": 811, "districtName": "Karnal" },
        { "districtId": 812, "districtName": "Kurukshetra" },
        { "districtId": 813, "districtName": "Mahendragarh" },
        { "districtId": 814, "districtName": "Nuh" },
        { "districtId": 815, "districtName": "Palwal" },
        { "districtId": 816, "districtName": "Panchkula" },
        { "districtId": 817, "districtName": "Panipat" },
        { "districtId": 818, "districtName": "Rewari" },
        { "districtId": 819, "districtName": "Rohtak" },
        { "districtId": 820, "districtName": "Sirsa" },
        { "districtId": 821, "districtName": "Sonipat" },
        { "districtId": 822, "districtName": "Yamunanagar" }
      ]
    },
    {
      "stateId": 9,
      "stateName": "Himachal Pradesh",
      "districts": [
        { "districtId": 901, "districtName": "Bilaspur" },
        { "districtId": 902, "districtName": "Chamba" },
        { "districtId": 903, "districtName": "Hamirpur" },
        { "districtId": 904, "districtName": "Kangra" },
        { "districtId": 905, "districtName": "Kinnaur" },
        { "districtId": 906, "districtName": "Kullu" },
        { "districtId": 907, "districtName": "Lahaul and Spiti" },
        { "districtId": 908, "districtName": "Mandi" },
        { "districtId": 909, "districtName": "Shimla" },
        { "districtId": 910, "districtName": "Sirmaur" },
        { "districtId": 911, "districtName": "Solan" },
        { "districtId": 912, "districtName": "Una" }
      ]
    },
    {
      "stateId": 10,
      "stateName": "Jharkhand",
      "districts": [
        { "districtId": 1001, "districtName": "Bokaro" },
        { "districtId": 1002, "districtName": "Chatra" },
        { "districtId": 1003, "districtName": "Deoghar" },
        { "districtId": 1004, "districtName": "Dhanbad" },
        { "districtId": 1005, "districtName": "Dumka" },
        { "districtId": 1006, "districtName": "East Singhbhum" },
        { "districtId": 1007, "districtName": "Garhwa" },
        { "districtId": 1008, "districtName": "Giridih" },
        { "districtId": 1009, "districtName": "Godda" },
        { "districtId": 1010, "districtName": "Gumla" },
        { "districtId": 1011, "districtName": "Hazaribagh" },
        { "districtId": 1012, "districtName": "Jamtara" },
        { "districtId": 1013, "districtName": "Khunti" },
        { "districtId": 1014, "districtName": "Koderma" },
        { "districtId": 1015, "districtName": "Latehar" },
        { "districtId": 1016, "districtName": "Lohardaga" },
        { "districtId": 1017, "districtName": "Pakur" },
        { "districtId": 1018, "districtName": "Palamu" },
        { "districtId": 1019, "districtName": "Ramgarh" },
        { "districtId": 1020, "districtName": "Ranchi" },
        { "districtId": 1021, "districtName": "Sahibganj" },
        { "districtId": 1022, "districtName": "Seraikela Kharsawan" },
        { "districtId": 1023, "districtName": "Simdega" },
        { "districtId": 1024, "districtName": "West Singhbhum" }
      ]
    },
    {
      "stateId": 11,
      "stateName": "Karnataka",
      "districts": [
        { "districtId": 1101, "districtName": "Bagalkot" },
        { "districtId": 1102, "districtName": "Ballari" },
        { "districtId": 1103, "districtName": "Belagavi" },
        { "districtId": 1104, "districtName": "Bengaluru Rural" },
        { "districtId": 1105, "districtName": "Bengaluru Urban" },
        { "districtId": 1106, "districtName": "Bidar" },
        { "districtId": 1107, "districtName": "Chamarajanagar" },
        { "districtId": 1108, "districtName": "Chikkaballapura" },
        { "districtId": 1109, "districtName": "Chikkamagaluru" },
        { "districtId": 1110, "districtName": "Chitradurga" },
        { "districtId": 1111, "districtName": "Dakshina Kannada" },
        { "districtId": 1112, "districtName": "Davanagere" },
        { "districtId": 1113, "districtName": "Dharwad" },
        { "districtId": 1114, "districtName": "Gadag" },
        { "districtId": 1115, "districtName": "Hassan" },
        { "districtId": 1116, "districtName": "Haveri" },
        { "districtId": 1117, "districtName": "Kalaburagi" },
        { "districtId": 1118, "districtName": "Kodagu" },
        { "districtId": 1119, "districtName": "Kolar" },
        { "districtId": 1120, "districtName": "Koppal" },
        { "districtId": 1121, "districtName": "Mandya" },
        { "districtId": 1122, "districtName": "Mysuru" },
        { "districtId": 1123, "districtName": "Raichur" },
        { "districtId": 1124, "districtName": "Ramanagara" },
        { "districtId": 1125, "districtName": "Shivamogga" },
        { "districtId": 1126, "districtName": "Tumakuru" },
        { "districtId": 1127, "districtName": "Udupi" },
        { "districtId": 1128, "districtName": "Uttara Kannada" },
        { "districtId": 1129, "districtName": "Vijayapura" },
        { "districtId": 1130, "districtName": "Yadgir" },
        { "districtId": 1131, "districtName": "Vijayanagara" }
      ]
    },
    {
      "stateId": 12,
      "stateName": "Kerala",
      "districts": [
        { "districtId": 1201, "districtName": "Thiruvananthapuram" },
        { "districtId": 1202, "districtName": "Kollam" },
        { "districtId": 1203, "districtName": "Pathanamthitta" },
        { "districtId": 1204, "districtName": "Alappuzha" },
        { "districtId": 1205, "districtName": "Kottayam" },
        { "districtId": 1206, "districtName": "Idukki" },
        { "districtId": 1207, "districtName": "Ernakulam" },
        { "districtId": 1208, "districtName": "Thrissur" },
        { "districtId": 1209, "districtName": "Palakkad" },
        { "districtId": 1210, "districtName": "Malappuram" },
        { "districtId": 1211, "districtName": "Kozhikode" },
        { "districtId": 1212, "districtName": "Wayanad" },
        { "districtId": 1213, "districtName": "Kannur" },
        { "districtId": 1214, "districtName": "Kasaragod" }
      ]
    },
    {
      "stateId": 13,
      "stateName": "Madhya Pradesh",
      "districts": [
        { "districtId": 1301, "districtName": "Agar Malwa" },
        { "districtId": 1302, "districtName": "Alirajpur" },
        { "districtId": 1303, "districtName": "Anuppur" },
        { "districtId": 1304, "districtName": "Ashoknagar" },
        { "districtId": 1305, "districtName": "Balaghat" },
        { "districtId": 1306, "districtName": "Barwani" },
        { "districtId": 1307, "districtName": "Betul" },
        { "districtId": 1308, "districtName": "Bhind" },
        { "districtId": 1309, "districtName": "Bhopal" },
        { "districtId": 1310, "districtName": "Burhanpur" },
        { "districtId": 1311, "districtName": "Chhatarpur" },
        { "districtId": 1312, "districtName": "Chhindwara" },
        { "districtId": 1313, "districtName": "Damoh" },
        { "districtId": 1314, "districtName": "Datia" },
        { "districtId": 1315, "districtName": "Dewas" },
        { "districtId": 1316, "districtName": "Dhar" },
        { "districtId": 1317, "districtName": "Dindori" },
        { "districtId": 1318, "districtName": "Guna" },
        { "districtId": 1319, "districtName": "Gwalior" },
        { "districtId": 1320, "districtName": "Harda" },
        { "districtId": 1321, "districtName": "Hoshangabad" },
        { "districtId": 1322, "districtName": "Indore" },
        { "districtId": 1323, "districtName": "Jabalpur" },
        { "districtId": 1324, "districtName": "Jhabua" },
        { "districtId": 1325, "districtName": "Katni" },
        { "districtId": 1326, "districtName": "Khandwa" },
        { "districtId": 1327, "districtName": "Khargone" },
        { "districtId": 1328, "districtName": "Mandla" },
        { "districtId": 1329, "districtName": "Mandsaur" },
        { "districtId": 1330, "districtName": "Morena" },
        { "districtId": 1331, "districtName": "Narsinghpur" },
        { "districtId": 1332, "districtName": "Neemuch" },
        { "districtId": 1333, "districtName": "Niwari" },
        { "districtId": 1334, "districtName": "Panna" },
        { "districtId": 1335, "districtName": "Raisen" },
        { "districtId": 1336, "districtName": "Rajgarh" },
        { "districtId": 1337, "districtName": "Ratlam" },
        { "districtId": 1338, "districtName": "Rewa" },
        { "districtId": 1339, "districtName": "Sagar" },
        { "districtId": 1340, "districtName": "Satna" },
        { "districtId": 1341, "districtName": "Sehore" },
        { "districtId": 1342, "districtName": "Seoni" },
        { "districtId": 1343, "districtName": "Shahdol" },
        { "districtId": 1344, "districtName": "Shajapur" },
        { "districtId": 1345, "districtName": "Sheopur" },
        { "districtId": 1346, "districtName": "Shivpuri" },
        { "districtId": 1347, "districtName": "Sidhi" },
        { "districtId": 1348, "districtName": "Singrauli" },
        { "districtId": 1349, "districtName": "Tikamgarh" },
        { "districtId": 1350, "districtName": "Ujjain" },
        { "districtId": 1351, "districtName": "Umaria" },
        { "districtId": 1352, "districtName": "Vidisha" },
        { "districtId": 1353, "districtName": "Maihar" },
        { "districtId": 1354, "districtName": "Pandhurna" },
        { "districtId": 1355, "districtName": "Mauganj" }
      ]
    },
    {
      "stateId": 14,
      "stateName": "Maharashtra",
      "districts": [
        { "districtId": 1401, "districtName": "Ahmednagar" },
        { "districtId": 1402, "districtName": "Akola" },
        { "districtId": 1403, "districtName": "Amravati" },
        { "districtId": 1404, "districtName": "Aurangabad (Chhatrapati Sambhajinagar)" },
        { "districtId": 1405, "districtName": "Beed" },
        { "districtId": 1406, "districtName": "Bhandara" },
        { "districtId": 1407, "districtName": "Buldhana" },
        { "districtId": 1408, "districtName": "Chandrapur" },
        { "districtId": 1409, "districtName": "Dhule" },
        { "districtId": 1410, "districtName": "Gadchiroli" },
        { "districtId": 1411, "districtName": "Gondia" },
        { "districtId": 1412, "districtName": "Hingoli" },
        { "districtId": 1413, "districtName": "Jalgaon" },
        { "districtId": 1414, "districtName": "Jalna" },
        { "districtId": 1415, "districtName": "Kolhapur" },
        { "districtId": 1416, "districtName": "Latur" },
        { "districtId": 1417, "districtName": "Mumbai City" },
        { "districtId": 1418, "districtName": "Mumbai Suburban" },
        { "districtId": 1419, "districtName": "Nagpur" },
        { "districtId": 1420, "districtName": "Nanded" },
        { "districtId": 1421, "districtName": "Nandurbar" },
        { "districtId": 1422, "districtName": "Nashik" },
        { "districtId": 1423, "districtName": "Osmanabad (Dharashiv)" },
        { "districtId": 1424, "districtName": "Palghar" },
        { "districtId": 1425, "districtName": "Parbhani" },
        { "districtId": 1426, "districtName": "Pune" },
        { "districtId": 1427, "districtName": "Raigad" },
        { "districtId": 1428, "districtName": "Ratnagiri" },
        { "districtId": 1429, "districtName": "Sangli" },
        { "districtId": 1430, "districtName": "Satara" },
        { "districtId": 1431, "districtName": "Sindhudurg" },
        { "districtId": 1432, "districtName": "Solapur" },
        { "districtId": 1433, "districtName": "Thane" },
        { "districtId": 1434, "districtName": "Wardha" },
        { "districtId": 1435, "districtName": "Washim" },
        { "districtId": 1436, "districtName": "Yavatmal" }
      ]
    },
    {
      "stateId": 15,
      "stateName": "Manipur",
      "districts": [
        { "districtId": 1501, "districtName": "Bishnupur" },
        { "districtId": 1502, "districtName": "Chandel" },
        { "districtId": 1503, "districtName": "Churachandpur" },
        { "districtId": 1504, "districtName": "Imphal East" },
        { "districtId": 1505, "districtName": "Imphal West" },
        { "districtId": 1506, "districtName": "Jiribam" },
        { "districtId": 1507, "districtName": "Kakching" },
        { "districtId": 1508, "districtName": "Kamjong" },
        { "districtId": 1509, "districtName": "Kangpokpi" },
        { "districtId": 1510, "districtName": "Noney" },
        { "districtId": 1511, "districtName": "Pherzawl" },
        { "districtId": 1512, "districtName": "Senapati" },
        { "districtId": 1513, "districtName": "Tamenglong" },
        { "districtId": 1514, "districtName": "Tengnoupal" },
        { "districtId": 1515, "districtName": "Thoubal" },
        { "districtId": 1516, "districtName": "Ukhrul" }
      ]
    },
    {
      "stateId": 16,
      "stateName": "Meghalaya",
      "districts": [
        { "districtId": 1601, "districtName": "East Garo Hills" },
        { "districtId": 1602, "districtName": "East Jaintia Hills" },
        { "districtId": 1603, "districtName": "East Khasi Hills" },
        { "districtId": 1604, "districtName": "North Garo Hills" },
        { "districtId": 1605, "districtName": "Ri Bhoi" },
        { "districtId": 1606, "districtName": "South Garo Hills" },
        { "districtId": 1607, "districtName": "South West Garo Hills" },
        { "districtId": 1608, "districtName": "South West Khasi Hills" },
        { "districtId": 1609, "districtName": "West Garo Hills" },
        { "districtId": 1610, "districtName": "West Jaintia Hills" },
        { "districtId": 1611, "districtName": "West Khasi Hills" },
        { "districtId": 1612, "districtName": "Eastern West Khasi Hills" }
      ]
    },
    {
      "stateId": 17,
      "stateName": "Mizoram",
      "districts": [
        { "districtId": 1701, "districtName": "Aizawl" },
        { "districtId": 1702, "districtName": "Champhai" },
        { "districtId": 1703, "districtName": "Hnahthial" },
        { "districtId": 1704, "districtName": "Kolasib" },
        { "districtId": 1705, "districtName": "Lawngtlai" },
        { "districtId": 1706, "districtName": "Lunglei" },
        { "districtId": 1707, "districtName": "Mamit" },
        { "districtId": 1708, "districtName": "Saiha" },
        { "districtId": 1709, "districtName": "Saitual" },
        { "districtId": 1710, "districtName": "Serchhip" },
        { "districtId": 1711, "districtName": "Khawzawl" }
      ]
    },
    {
      "stateId": 18,
      "stateName": "Nagaland",
      "districts": [
        { "districtId": 1801, "districtName": "Chümoukedima" },
        { "districtId": 1802, "districtName": "Dimapur" },
        { "districtId": 1803, "districtName": "Kiphire" },
        { "districtId": 1804, "districtName": "Kohima" },
        { "districtId": 1805, "districtName": "Longleng" },
        { "districtId": 1806, "districtName": "Mokokchung" },
        { "districtId": 1807, "districtName": "Mon" },
        { "districtId": 1808, "districtName": "Niuland" },
        { "districtId": 1809, "districtName": "Peren" },
        { "districtId": 1810, "districtName": "Phek" },
        { "districtId": 1811, "districtName": "Shamator" },
        { "districtId": 1812, "districtName": "Tuensang" },
        { "districtId": 1813, "districtName": "Tseminyü" },
        { "districtId": 1814, "districtName": "Wokha" },
        { "districtId": 1815, "districtName": "Zunheboto" },
        { "districtId": 1816, "districtName": "Noklak" }
      ]
    },
    {
      "stateId": 19,
      "stateName": "Odisha",
      "districts": [
        { "districtId": 1901, "districtName": "Angul" },
        { "districtId": 1902, "districtName": "Balangir" },
        { "districtId": 1903, "districtName": "Balasore" },
        { "districtId": 1904, "districtName": "Bargarh" },
        { "districtId": 1905, "districtName": "Bhadrak" },
        { "districtId": 1906, "districtName": "Boudh" },
        { "districtId": 1907, "districtName": "Cuttack" },
        { "districtId": 1908, "districtName": "Debagarh" },
        { "districtId": 1909, "districtName": "Dhenkanal" },
        { "districtId": 1910, "districtName": "Gajapati" },
        { "districtId": 1911, "districtName": "Ganjam" },
        { "districtId": 1912, "districtName": "Jagatsinghpur" },
        { "districtId": 1913, "districtName": "Jajpur" },
        { "districtId": 1914, "districtName": "Jharsuguda" },
        { "districtId": 1915, "districtName": "Kalahandi" },
        { "districtId": 1916, "districtName": "Kandhamal" },
        { "districtId": 1917, "districtName": "Kendrapara" },
        { "districtId": 1918, "districtName": "Kendujhar" },
        { "districtId": 1919, "districtName": "Khordha" },
        { "districtId": 1920, "districtName": "Koraput" },
        { "districtId": 1921, "districtName": "Malkangiri" },
        { "districtId": 1922, "districtName": "Mayurbhanj" },
        { "districtId": 1923, "districtName": "Nabarangpur" },
        { "districtId": 1924, "districtName": "Nayagarh" },
        { "districtId": 1925, "districtName": "Nuapada" },
        { "districtId": 1926, "districtName": "Puri" },
        { "districtId": 1927, "districtName": "Rayagada" },
        { "districtId": 1928, "districtName": "Sambalpur" },
        { "districtId": 1929, "districtName": "Subarnapur" },
        { "districtId": 1930, "districtName": "Sundergarh" }
      ]
    },
    {
      "stateId": 20,
      "stateName": "Punjab",
      "districts": [
        { "districtId": 2001, "districtName": "Amritsar" },
        { "districtId": 2002, "districtName": "Barnala" },
        { "districtId": 2003, "districtName": "Bathinda" },
        { "districtId": 2004, "districtName": "Faridkot" },
        { "districtId": 2005, "districtName": "Fatehgarh Sahib" },
        { "districtId": 2006, "districtName": "Fazilka" },
        { "districtId": 2007, "districtName": "Ferozepur" },
        { "districtId": 2008, "districtName": "Gurdaspur" },
        { "districtId": 2009, "districtName": "Hoshiarpur" },
        { "districtId": 2010, "districtName": "Jalandhar" },
        { "districtId": 2011, "districtName": "Kapurthala" },
        { "districtId": 2012, "districtName": "Ludhiana" },
        { "districtId": 2013, "districtName": "Malerkotla" },
        { "districtId": 2014, "districtName": "Mansa" },
        { "districtId": 2015, "districtName": "Moga" },
        { "districtId": 2016, "districtName": "Mohali (SAS Nagar)" },
        { "districtId": 2017, "districtName": "Muktsar" },
        { "districtId": 2018, "districtName": "Pathankot" },
        { "districtId": 2019, "districtName": "Patiala" },
        { "districtId": 2020, "districtName": "Rupnagar" },
        { "districtId": 2021, "districtName": "Sangrur" },
        { "districtId": 2022, "districtName": "Shaheed Bhagat Singh Nagar" },
        { "districtId": 2023, "districtName": "Tarn Taran" }
      ]
    },
    {
      "stateId": 21,
      "stateName": "Rajasthan",
      "districts": [
        { "districtId": 2101, "districtName": "Ajmer" },
        { "districtId": 2102, "districtName": "Alwar" },
        { "districtId": 2103, "districtName": "Banswara" },
        { "districtId": 2104, "districtName": "Baran" },
        { "districtId": 2105, "districtName": "Barmer" },
        { "districtId": 2106, "districtName": "Bharatpur" },
        { "districtId": 2107, "districtName": "Bhilwara" },
        { "districtId": 2108, "districtName": "Bikaner" },
        { "districtId": 2109, "districtName": "Bundi" },
        { "districtId": 2110, "districtName": "Chittorgarh" },
        { "districtId": 2111, "districtName": "Churu" },
        { "districtId": 2112, "districtName": "Dausa" },
        { "districtId": 2113, "districtName": "Dholpur" },
        { "districtId": 2114, "districtName": "Dungarpur" },
        { "districtId": 2115, "districtName": "Hanumangarh" },
        { "districtId": 2116, "districtName": "Jaipur" },
        { "districtId": 2117, "districtName": "Jaisalmer" },
        { "districtId": 2118, "districtName": "Jalore" },
        { "districtId": 2119, "districtName": "Jhalawar" },
        { "districtId": 2120, "districtName": "Jhunjhunu" },
        { "districtId": 2121, "districtName": "Jodhpur" },
        { "districtId": 2122, "districtName": "Karauli" },
        { "districtId": 2123, "districtName": "Kota" },
        { "districtId": 2124, "districtName": "Nagaur" },
        { "districtId": 2125, "districtName": "Pali" },
        { "districtId": 2126, "districtName": "Pratapgarh" },
        { "districtId": 2127, "districtName": "Rajsamand" },
        { "districtId": 2128, "districtName": "Sawai Madhopur" },
        { "districtId": 2129, "districtName": "Sikar" },
        { "districtId": 2130, "districtName": "Sirohi" },
        { "districtId": 2131, "districtName": "Sri Ganganagar" },
        { "districtId": 2132, "districtName": "Tonk" },
        { "districtId": 2133, "districtName": "Udaipur" }
      ]
    },
    {
      "stateId": 22,
      "stateName": "Tamil Nadu",
      "districts": [
        { "districtId": 2201, "districtName": "Ariyalur" },
        { "districtId": 2202, "districtName": "Chengalpattu" },
        { "districtId": 2203, "districtName": "Chennai" },
        { "districtId": 2204, "districtName": "Coimbatore" },
        { "districtId": 2205, "districtName": "Cuddalore" },
        { "districtId": 2206, "districtName": "Dharmapuri" },
        { "districtId": 2207, "districtName": "Dindigul" },
        { "districtId": 2208, "districtName": "Erode" },
        { "districtId": 2209, "districtName": "Kallakurichi" },
        { "districtId": 2210, "districtName": "Kancheepuram" },
        { "districtId": 2211, "districtName": "Kanyakumari" },
        { "districtId": 2212, "districtName": "Karur" },
        { "districtId": 2213, "districtName": "Krishnagiri" },
        { "districtId": 2214, "districtName": "Madurai" },
        { "districtId": 2215, "districtName": "Mayiladuthurai" },
        { "districtId": 2216, "districtName": "Nagapattinam" },
        { "districtId": 2217, "districtName": "Namakkal" },
        { "districtId": 2218, "districtName": "Nilgiris" },
        { "districtId": 2219, "districtName": "Perambalur" },
        { "districtId": 2220, "districtName": "Pudukkottai" },
        { "districtId": 2221, "districtName": "Ramanathapuram" },
        { "districtId": 2222, "districtName": "Ranipet" },
        { "districtId": 2223, "districtName": "Salem" },
        { "districtId": 2224, "districtName": "Sivaganga" },
        { "districtId": 2225, "districtName": "Tenkasi" },
        { "districtId": 2226, "districtName": "Thanjavur" },
        { "districtId": 2227, "districtName": "Theni" },
        { "districtId": 2228, "districtName": "Thoothukudi" },
        { "districtId": 2229, "districtName": "Tiruchirappalli" },
        { "districtId": 2230, "districtName": "Tirunelveli" },
        { "districtId": 2231, "districtName": "Tirupattur" },
        { "districtId": 2232, "districtName": "Tiruppur" },
        { "districtId": 2233, "districtName": "Tiruvallur" },
        { "districtId": 2234, "districtName": "Tiruvannamalai" },
        { "districtId": 2235, "districtName": "Tiruvarur" },
        { "districtId": 2236, "districtName": "Vellore" },
        { "districtId": 2237, "districtName": "Viluppuram" },
        { "districtId": 2238, "districtName": "Virudhunagar" }
      ]
    },
    {
      "stateId": 23,
      "stateName": "Telangana",
      "districts": [
        { "districtId": 2301, "districtName": "Adilabad" },
        { "districtId": 2302, "districtName": "Bhadradri Kothagudem" },
        { "districtId": 2303, "districtName": "Hyderabad" },
        { "districtId": 2304, "districtName": "Jagtial" },
        { "districtId": 2305, "districtName": "Jangaon" },
        { "districtId": 2306, "districtName": "Jayashankar Bhupalpally" },
        { "districtId": 2307, "districtName": "Jogulamba Gadwal" },
        { "districtId": 2308, "districtName": "Kamareddy" },
        { "districtId": 2309, "districtName": "Karimnagar" },
        { "districtId": 2310, "districtName": "Khammam" },
        { "districtId": 2311, "districtName": "Komaram Bheem" },
        { "districtId": 2312, "districtName": "Mahabubabad" },
        { "districtId": 2313, "districtName": "Mahabubnagar" },
        { "districtId": 2314, "districtName": "Mancherial" },
        { "districtId": 2315, "districtName": "Medak" },
        { "districtId": 2316, "districtName": "Medchal-Malkajgiri" },
        { "districtId": 2317, "districtName": "Mulugu" },
        { "districtId": 2318, "districtName": "Nagarkurnool" },
        { "districtId": 2319, "districtName": "Nalgonda" },
        { "districtId": 2320, "districtName": "Narayanpet" },
        { "districtId": 2321, "districtName": "Nirmal" },
        { "districtId": 2322, "districtName": "Nizamabad" },
        { "districtId": 2323, "districtName": "Peddapalli" },
        { "districtId": 2324, "districtName": "Rajanna Sircilla" },
        { "districtId": 2325, "districtName": "Ranga Reddy" },
        { "districtId": 2326, "districtName": "Sangareddy" },
        { "districtId": 2327, "districtName": "Siddipet" },
        { "districtId": 2328, "districtName": "Suryapet" },
        { "districtId": 2329, "districtName": "Vikarabad" },
        { "districtId": 2330, "districtName": "Wanaparthy" },
        { "districtId": 2331, "districtName": "Warangal (Rural)" },
        { "districtId": 2332, "districtName": "Warangal (Urban)" },
        { "districtId": 2333, "districtName": "Yadadri Bhuvanagiri" }
      ]
    },
    {
      "stateId": 24,
      "stateName": "Uttar Pradesh",
      "districts": [
        { "districtId": 2401, "districtName": "Agra" },
        { "districtId": 2402, "districtName": "Aligarh" },
        { "districtId": 2403, "districtName": "Ambedkar Nagar" },
        { "districtId": 2404, "districtName": "Amethi" },
        { "districtId": 2405, "districtName": "Amroha (Jyotiba Phule Nagar)" },
        { "districtId": 2406, "districtName": "Auraiya" },
        { "districtId": 2407, "districtName": "Ayodhya (Faizabad)" },
        { "districtId": 2408, "districtName": "Azamgarh" },
        { "districtId": 2409, "districtName": "Badaun" },
        { "districtId": 2410, "districtName": "Baghpat" },
        { "districtId": 2411, "districtName": "Bahraich" },
        { "districtId": 2412, "districtName": "Ballia" },
        { "districtId": 2413, "districtName": "Balrampur" },
        { "districtId": 2414, "districtName": "Banda" },
        { "districtId": 2415, "districtName": "Barabanki" },
        { "districtId": 2416, "districtName": "Bareilly" },
        { "districtId": 2417, "districtName": "Basti" },
        { "districtId": 2418, "districtName": "Bhadohi (Sant Ravidas Nagar)" },
        { "districtId": 2419, "districtName": "Bijnor" },
        { "districtId": 2420, "districtName": "Bulandshahr" },
        { "districtId": 2421, "districtName": "Chandauli" },
        { "districtId": 2422, "districtName": "Chitrakoot" },
        { "districtId": 2423, "districtName": "Deoria" },
        { "districtId": 2424, "districtName": "Etah" },
        { "districtId": 2425, "districtName": "Etawah" },
        { "districtId": 2426, "districtName": "Farrukhabad" },
        { "districtId": 2427, "districtName": "Fatehpur" },
        { "districtId": 2428, "districtName": "Firozabad" },
        { "districtId": 2429, "districtName": "Gautam Buddha Nagar" },
        { "districtId": 2430, "districtName": "Ghaziabad" },
        { "districtId": 2431, "districtName": "Ghazipur" },
        { "districtId": 2432, "districtName": "Gonda" },
        { "districtId": 2433, "districtName": "Gorakhpur" },
        { "districtId": 2434, "districtName": "Hamirpur" },
        { "districtId": 2435, "districtName": "Hapur (Panchsheel Nagar)" },
        { "districtId": 2436, "districtName": "Hardoi" },
        { "districtId": 2437, "districtName": "Hathras (Mahamaya Nagar)" },
        { "districtId": 2438, "districtName": "Jalaun" },
        { "districtId": 2439, "districtName": "Jaunpur" },
        { "districtId": 2440, "districtName": "Jhansi" },
        { "districtId": 2441, "districtName": "Kannauj" },
        { "districtId": 2442, "districtName": "Kanpur Dehat (Ramabai Nagar)" },
        { "districtId": 2443, "districtName": "Kanpur Nagar" },
        { "districtId": 2444, "districtName": "Kasganj (Kanshiram Nagar)" },
        { "districtId": 2445, "districtName": "Kaushambi" },
        { "districtId": 2446, "districtName": "Kheri (Lakhimpur Kheri)" },
        { "districtId": 2447, "districtName": "Kushinagar (Padrauna)" },
        { "districtId": 2448, "districtName": "Lalitpur" },
        { "districtId": 2449, "districtName": "Lucknow" },
        { "districtId": 2450, "districtName": "Maharajganj" },
        { "districtId": 2451, "districtName": "Mahoba" },
        { "districtId": 2452, "districtName": "Mainpuri" },
        { "districtId": 2453, "districtName": "Mathura" },
        { "districtId": 2454, "districtName": "Mau" },
        { "districtId": 2455, "districtName": "Meerut" },
        { "districtId": 2456, "districtName": "Mirzapur" },
        { "districtId": 2457, "districtName": "Moradabad" },
        { "districtId": 2458, "districtName": "Muzaffarnagar" },
        { "districtId": 2459, "districtName": "Pilibhit" },
        { "districtId": 2460, "districtName": "Pratapgarh" },
        { "districtId": 2461, "districtName": "Prayagraj (Allahabad)" },
        { "districtId": 2462, "districtName": "Raebareli" },
        { "districtId": 2463, "districtName": "Rampur" },
        { "districtId": 2464, "districtName": "Saharanpur" },
        { "districtId": 2465, "districtName": "Sambhal (Bhim Nagar)" },
        { "districtId": 2466, "districtName": "Sant Kabir Nagar" },
        { "districtId": 2467, "districtName": "Shahjahanpur" },
        { "districtId": 2468, "districtName": "Shamli" },
        { "districtId": 2469, "districtName": "Shrawasti" },
        { "districtId": 2470, "districtName": "Siddharthnagar" },
        { "districtId": 2471, "districtName": "Sitapur" },
        { "districtId": 2472, "districtName": "Sonbhadra" },
        { "districtId": 2473, "districtName": "Sultanpur" },
        { "districtId": 2474, "districtName": "Unnao" },
        { "districtId": 2475, "districtName": "Varanasi" }
      ]
    },
    {
      "stateId": 25,
      "stateName": "West Bengal",
      "districts": [
        { "districtId": 2501, "districtName": "Alipurduar" },
        { "districtId": 2502, "districtName": "Bankura" },
        { "districtId": 2503, "districtName": "Paschim Bardhaman" },
        { "districtId": 2504, "districtName": "Purba Bardhaman" },
        { "districtId": 2505, "districtName": "Birbhum" },
        { "districtId": 2506, "districtName": "Cooch Behar" },
        { "districtId": 2507, "districtName": "Darjeeling" },
        { "districtId": 2508, "districtName": "Dakshin Dinajpur" },
        { "districtId": 2509, "districtName": "Hooghly" },
        { "districtId": 2510, "districtName": "Howrah" },
        { "districtId": 2511, "districtName": "Jalpaiguri" },
        { "districtId": 2512, "districtName": "Jhargram" },
        { "districtId": 2513, "districtName": "Kolkata" },
        { "districtId": 2514, "districtName": "Kalimpong" },
        { "districtId": 2515, "districtName": "Malda" },
        { "districtId": 2516, "districtName": "Murshidabad" },
        { "districtId": 2517, "districtName": "Nadia" },
        { "districtId": 2518, "districtName": "North 24 Parganas" },
        { "districtId": 2519, "districtName": "Paschim Medinipur" },
        { "districtId": 2520, "districtName": "Purba Medinipur" },
        { "districtId": 2521, "districtName": "Purulia" },
        { "districtId": 2522, "districtName": "South 24 Parganas" },
        { "districtId": 2523, "districtName": "Uttar Dinajpur" }
      ]
    },
    {
      "stateId": 26,
      "stateName": "Uttarakhand",
      "districts": [
        { "districtId": 2601, "districtName": "Almora" },
        { "districtId": 2602, "districtName": "Bageshwar" },
        { "districtId": 2603, "districtName": "Chamoli" },
        { "districtId": 2604, "districtName": "Champawat" },
        { "districtId": 2605, "districtName": "Dehradun" },
        { "districtId": 2606, "districtName": "Haridwar" },
        { "districtId": 2607, "districtName": "Nainital" },
        { "districtId": 2608, "districtName": "Pauri Garhwal" },
        { "districtId": 2609, "districtName": "Pithoragarh" },
        { "districtId": 2610, "districtName": "Rudraprayag" },
        { "districtId": 2611, "districtName": "Tehri Garhwal" },
        { "districtId": 2612, "districtName": "Udham Singh Nagar" },
        { "districtId": 2613, "districtName": "Uttarkashi" }
      ]
    },
    {
      "stateId": 27,
      "stateName": "Sikkim",
      "districts": [
        { "districtId": 2701, "districtName": "Gangtok" },
        { "districtId": 2702, "districtName": "Mangan" },
        { "districtId": 2703, "districtName": "Pakyong" },
        { "districtId": 2704, "districtName": "Soreng" },
        { "districtId": 2705, "districtName": "Namchi" },
        { "districtId": 2706, "districtName": "Gyalshing" }
      ]
    },
    {
      "stateId": 28,
      "stateName": "Tripura",
      "districts": [
        { "districtId": 2801, "districtName": "Dhalai" },
        { "districtId": 2802, "districtName": "Gomati" },
        { "districtId": 2803, "districtName": "Khowai" },
        { "districtId": 2804, "districtName": "North Tripura" },
        { "districtId": 2805, "districtName": "Sepahijala" },
        { "districtId": 2806, "districtName": "South Tripura" },
        { "districtId": 2807, "districtName": "Unakoti" },
        { "districtId": 2808, "districtName": "West Tripura" }
      ]
    },
    {
      "stateId": 29,
      "stateName": "Andaman and Nicobar Islands",
      "districts": [
        { "districtId": 2901, "districtName": "Nicobar" },
        { "districtId": 2902, "districtName": "North and Middle Andaman" },
        { "districtId": 2903, "districtName": "South Andaman" }
      ]
    },
    {
      "stateId": 30,
      "stateName": "Chandigarh",
      "districts": [
        { "districtId": 3001, "districtName": "Chandigarh" }
      ]
    },
    {
      "stateId": 31,
      "stateName": "Dadra and Nagar Haveli and Daman and Diu",
      "districts": [
        { "districtId": 3101, "districtName": "Dadra and Nagar Haveli" },
        { "districtId": 3102, "districtName": "Daman" },
        { "districtId": 3103, "districtName": "Diu" }
      ]
    },
    {
      "stateId": 32,
      "stateName": "Delhi (National Capital Territory)",
      "districts": [
        { "districtId": 3201, "districtName": "Central Delhi" },
        { "districtId": 3202, "districtName": "East Delhi" },
        { "districtId": 3203, "districtName": "New Delhi" },
        { "districtId": 3204, "districtName": "North Delhi" },
        { "districtId": 3205, "districtName": "North East Delhi" },
        { "districtId": 3206, "districtName": "North West Delhi" },
        { "districtId": 3207, "districtName": "Shahdara" },
        { "districtId": 3208, "districtName": "South Delhi" },
        { "districtId": 3209, "districtName": "South East Delhi" },
        { "districtId": 3210, "districtName": "South West Delhi" },
        { "districtId": 3211, "districtName": "West Delhi" }
      ]
    },
    {
      "stateId": 33,
      "stateName": "Ladakh",
      "districts": [
        { "districtId": 3301, "districtName": "Kargil" },
        { "districtId": 3302, "districtName": "Leh" }
      ]
    },
    {
      "stateId": 34,
      "stateName": "Lakshadweep",
      "districts": [
        { "districtId": 3401, "districtName": "Lakshadweep" }
      ]
    },
    {
      "stateId": 35,
      "stateName": "Puducherry",
      "districts": [
        { "districtId": 3501, "districtName": "Karaikal" },
        { "districtId": 3502, "districtName": "Mahe" },
        { "districtId": 3503, "districtName": "Puducherry" },
        { "districtId": 3504, "districtName": "Yanam" }
      ]
    },
    {
      "stateId": 36,
      "stateName": "Jammu and Kashmir",
      "districts": [
        { "districtId": 3601, "districtName": "Anantnag" },
        { "districtId": 3602, "districtName": "Bandipora" },
        { "districtId": 3603, "districtName": "Baramulla" },
        { "districtId": 3604, "districtName": "Budgam" },
        { "districtId": 3605, "districtName": "Doda" },
        { "districtId": 3606, "districtName": "Ganderbal" },
        { "districtId": 3607, "districtName": "Jammu" },
        { "districtId": 3608, "districtName": "Kathua" },
        { "districtId": 3609, "districtName": "Kishtwar" },
        { "districtId": 3610, "districtName": "Kulgam" },
        { "districtId": 3611, "districtName": "Kupwara" },
        { "districtId": 3612, "districtName": "Poonch" },
        { "districtId": 3613, "districtName": "Pulwama" },
        { "districtId": 3614, "districtName": "Rajouri" },
        { "districtId": 3615, "districtName": "Ramban" },
        { "districtId": 3616, "districtName": "Reasi" },
        { "districtId": 3617, "districtName": "Samba" },
        { "districtId": 3618, "districtName": "Shopian" },
        { "districtId": 3619, "districtName": "Srinagar" },
        { "districtId": 3620, "districtName": "Udhampur" }
      ]
    }
  ]
}



























































